{
    "name": "pl_ingest_formula1_data",
    "properties": {
        "activities": [
            {
                "name": "Get Folder Details",
                "type": "GetMetadata",
                "dependsOn": [],
                "policy": {
                    "timeout": "0.12:00:00",
                    "retry": 0,
                    "retryIntervalInSeconds": 30,
                    "secureOutput": false,
                    "secureInput": false
                },
                "userProperties": [],
                "typeProperties": {
                    "dataset": {
                        "referenceName": "databricks_course_dataset",
                        "type": "DatasetReference",
                        "parameters": {
                            "p_window_end_date": {
                                "value": "@pipeline().parameters.p_window_end_date",
                                "type": "Expression"
                            }
                        }
                    },
                    "fieldList": [
                        "exists"
                    ],
                    "storeSettings": {
                        "type": "AzureBlobFSReadSettings",
                        "recursive": true,
                        "enablePartitionDiscovery": false
                    },
                    "formatSettings": {
                        "type": "JsonReadSettings"
                    }
                }
            },
            {
                "name": "If Folder Exists",
                "type": "IfCondition",
                "dependsOn": [
                    {
                        "activity": "Get Folder Details",
                        "dependencyConditions": [
                            "Succeeded"
                        ]
                    }
                ],
                "userProperties": [],
                "typeProperties": {
                    "expression": {
                        "value": "@activity('Get Folder Details').output.exists",
                        "type": "Expression"
                    },
                    "ifTrueActivities": [
                        {
                            "name": "Ingest_circuits_file",
                            "type": "DatabricksNotebook",
                            "dependsOn": [],
                            "policy": {
                                "timeout": "0.12:00:00",
                                "retry": 0,
                                "retryIntervalInSeconds": 30,
                                "secureOutput": false,
                                "secureInput": false
                            },
                            "userProperties": [],
                            "typeProperties": {
                                "notebookPath": "/Formula1/ingestion/1.Ingest_circuits_file",
                                "baseParameters": {
                                    "p_data_source": {
                                        "value": "@variables('v_data_source')",
                                        "type": "Expression"
                                    },
                                    "p_file_date": {
                                        "value": "@formatDateTime(pipeline().parameters.p_window_end_date,'yyyy-MM-dd')",
                                        "type": "Expression"
                                    }
                                }
                            },
                            "linkedServiceName": {
                                "referenceName": "databricks_course",
                                "type": "LinkedServiceReference"
                            }
                        },
                        {
                            "name": "Ingest_races_file",
                            "type": "DatabricksNotebook",
                            "dependsOn": [],
                            "policy": {
                                "timeout": "0.12:00:00",
                                "retry": 0,
                                "retryIntervalInSeconds": 30,
                                "secureOutput": false,
                                "secureInput": false
                            },
                            "userProperties": [],
                            "typeProperties": {
                                "notebookPath": "/Formula1/ingestion/2.Ingest_races_file",
                                "baseParameters": {
                                    "p_data_source": {
                                        "value": "@variables('v_data_source')",
                                        "type": "Expression"
                                    },
                                    "p_file_date": {
                                        "value": "@formatDateTime(pipeline().parameters.p_window_end_date,'yyyy-MM-dd')",
                                        "type": "Expression"
                                    }
                                }
                            },
                            "linkedServiceName": {
                                "referenceName": "databricks_course",
                                "type": "LinkedServiceReference"
                            }
                        },
                        {
                            "name": "Ingest_constructors_file",
                            "type": "DatabricksNotebook",
                            "dependsOn": [],
                            "policy": {
                                "timeout": "0.12:00:00",
                                "retry": 0,
                                "retryIntervalInSeconds": 30,
                                "secureOutput": false,
                                "secureInput": false
                            },
                            "userProperties": [],
                            "typeProperties": {
                                "notebookPath": "/Formula1/ingestion/3.Ingest constructors file",
                                "baseParameters": {
                                    "p_data_source": {
                                        "value": "@variables('v_data_source')",
                                        "type": "Expression"
                                    },
                                    "p_file_date": {
                                        "value": "@formatDateTime(pipeline().parameters.p_window_end_date,'yyyy-MM-dd')",
                                        "type": "Expression"
                                    }
                                }
                            },
                            "linkedServiceName": {
                                "referenceName": "databricks_course",
                                "type": "LinkedServiceReference"
                            }
                        },
                        {
                            "name": "Ingest_drivers_file",
                            "type": "DatabricksNotebook",
                            "dependsOn": [],
                            "policy": {
                                "timeout": "0.12:00:00",
                                "retry": 0,
                                "retryIntervalInSeconds": 30,
                                "secureOutput": false,
                                "secureInput": false
                            },
                            "userProperties": [],
                            "typeProperties": {
                                "notebookPath": "/Formula1/ingestion/4.Ingest Drivers file",
                                "baseParameters": {
                                    "p_data_source": {
                                        "value": "@variables('v_data_source')",
                                        "type": "Expression"
                                    },
                                    "p_file_date": {
                                        "value": "@formatDateTime(pipeline().parameters.p_window_end_date,'yyyy-MM-dd')",
                                        "type": "Expression"
                                    }
                                }
                            },
                            "linkedServiceName": {
                                "referenceName": "databricks_course",
                                "type": "LinkedServiceReference"
                            }
                        },
                        {
                            "name": "Ingest_results_file",
                            "type": "DatabricksNotebook",
                            "dependsOn": [],
                            "policy": {
                                "timeout": "0.12:00:00",
                                "retry": 0,
                                "retryIntervalInSeconds": 30,
                                "secureOutput": false,
                                "secureInput": false
                            },
                            "userProperties": [],
                            "typeProperties": {
                                "notebookPath": "/Formula1/ingestion/5. Ingest Results file",
                                "baseParameters": {
                                    "p_data_source": {
                                        "value": "@variables('v_data_source')",
                                        "type": "Expression"
                                    },
                                    "p_file_date": {
                                        "value": "@formatDateTime(pipeline().parameters.p_window_end_date,'yyyy-MM-dd')",
                                        "type": "Expression"
                                    }
                                }
                            },
                            "linkedServiceName": {
                                "referenceName": "databricks_course",
                                "type": "LinkedServiceReference"
                            }
                        },
                        {
                            "name": "Ingest_pitstops_file",
                            "type": "DatabricksNotebook",
                            "dependsOn": [],
                            "policy": {
                                "timeout": "0.12:00:00",
                                "retry": 0,
                                "retryIntervalInSeconds": 30,
                                "secureOutput": false,
                                "secureInput": false
                            },
                            "userProperties": [],
                            "typeProperties": {
                                "notebookPath": "/Formula1/ingestion/6. Ingest Pit_stops file",
                                "baseParameters": {
                                    "p_data_source": {
                                        "value": "@variables('v_data_source')",
                                        "type": "Expression"
                                    },
                                    "p_file_date": {
                                        "value": "@formatDateTime(pipeline().parameters.p_window_end_date,'yyyy-MM-dd')",
                                        "type": "Expression"
                                    }
                                }
                            },
                            "linkedServiceName": {
                                "referenceName": "databricks_course",
                                "type": "LinkedServiceReference"
                            }
                        },
                        {
                            "name": "Ingest_lap_times_folder",
                            "type": "DatabricksNotebook",
                            "dependsOn": [],
                            "policy": {
                                "timeout": "0.12:00:00",
                                "retry": 0,
                                "retryIntervalInSeconds": 30,
                                "secureOutput": false,
                                "secureInput": false
                            },
                            "userProperties": [],
                            "typeProperties": {
                                "notebookPath": "/Formula1/ingestion/7. Ingest lap_times folder",
                                "baseParameters": {
                                    "p_data_source": {
                                        "value": "@variables('v_data_source')",
                                        "type": "Expression"
                                    },
                                    "p_file_date": {
                                        "value": "@formatDateTime(pipeline().parameters.p_window_end_date,'yyyy-MM-dd')",
                                        "type": "Expression"
                                    }
                                }
                            },
                            "linkedServiceName": {
                                "referenceName": "databricks_course",
                                "type": "LinkedServiceReference"
                            }
                        },
                        {
                            "name": "Ingest_qualifying_folder",
                            "type": "DatabricksNotebook",
                            "dependsOn": [],
                            "policy": {
                                "timeout": "0.12:00:00",
                                "retry": 0,
                                "retryIntervalInSeconds": 30,
                                "secureOutput": false,
                                "secureInput": false
                            },
                            "userProperties": [],
                            "typeProperties": {
                                "notebookPath": "/Formula1/ingestion/8. Ingest qualifying folder",
                                "baseParameters": {
                                    "p_data_source": {
                                        "value": "@variables('v_data_source')",
                                        "type": "Expression"
                                    },
                                    "p_file_date": {
                                        "value": "@formatDateTime(pipeline().parameters.p_window_end_date,'yyyy-MM-dd')",
                                        "type": "Expression"
                                    }
                                }
                            },
                            "linkedServiceName": {
                                "referenceName": "databricks_course",
                                "type": "LinkedServiceReference"
                            }
                        }
                    ]
                }
            }
        ],
        "parameters": {
            "p_window_end_date": {
                "type": "string"
            }
        },
        "variables": {
            "v_data_source": {
                "type": "String",
                "defaultValue": "Ergast API"
            }
        },
        "annotations": [],
        "lastPublishTime": "2025-02-22T08:05:57Z"
    },
    "type": "Microsoft.DataFactory/factories/pipelines"
}