{"$schema":"http://schema.management.azure.com/schemas/2015-01-01/deploymentTemplate.json#","contentVersion":"1.0.0.0","parameters":{"factoryName":{"type":"string","metadata":"Data Factory name"},"databricks_course":{"type":"string"},"databricks_course_raw":{"type":"string"}},"variables":{"factoryId":"[concat('Microsoft.DataFactory/factories/', parameters('factoryName'))]"},"resources":[{"name":"[concat(parameters('factoryName'), '/pl_trans_formula1_data')]","type":"Microsoft.DataFactory/factories/pipelines","apiVersion":"2018-06-01","properties":{"activities":[{"name":"Get Folder Details","type":"GetMetadata","dependsOn":[],"policy":{"timeout":"0.12:00:00","retry":0,"retryIntervalInSeconds":30,"secureOutput":false,"secureInput":false},"userProperties":[],"typeProperties":{"dataset":{"referenceName":"databricks_course_dataset","type":"DatasetReference","parameters":{"p_window_end_date":{"value":"@pipeline().parameters.p_window_end_date","type":"Expression"}}},"fieldList":["exists"],"storeSettings":{"type":"AzureBlobFSReadSettings","recursive":true,"enablePartitionDiscovery":false},"formatSettings":{"type":"JsonReadSettings"}}},{"name":"If Folder Exists","type":"IfCondition","dependsOn":[{"activity":"Get Folder Details","dependencyConditions":["Succeeded"]}],"userProperties":[],"typeProperties":{"expression":{"value":"@activity('Get Folder Details').output.exists","type":"Expression"},"ifTrueActivities":[{"name":"Trans_race_results","type":"DatabricksNotebook","dependsOn":[],"policy":{"timeout":"0.12:00:00","retry":0,"retryIntervalInSeconds":30,"secureOutput":false,"secureInput":false},"userProperties":[],"typeProperties":{"notebookPath":"/Formula1/trans/race_results","baseParameters":{"p_file_date":{"value":"@formatDateTime(pipeline().parameters.p_window_end_date,'yyyy-MM-dd')","type":"Expression"}}},"linkedServiceName":{"referenceName":"[parameters('databricks_course')]","type":"LinkedServiceReference"}},{"name":"Trans_driver_standings","type":"DatabricksNotebook","dependsOn":[{"activity":"Trans_race_results","dependencyConditions":["Succeeded"]}],"policy":{"timeout":"0.12:00:00","retry":0,"retryIntervalInSeconds":30,"secureOutput":false,"secureInput":false},"userProperties":[],"typeProperties":{"notebookPath":"/Formula1/trans/drivers_standings","baseParameters":{"p_file_date":{"value":"@formatDateTime(pipeline().parameters.p_window_end_date,'yyyy-MM-dd')","type":"Expression"}}},"linkedServiceName":{"referenceName":"[parameters('databricks_course')]","type":"LinkedServiceReference"}},{"name":"Trans_constructor_standings","type":"DatabricksNotebook","dependsOn":[{"activity":"Trans_race_results","dependencyConditions":["Succeeded"]}],"policy":{"timeout":"0.12:00:00","retry":0,"retryIntervalInSeconds":30,"secureOutput":false,"secureInput":false},"userProperties":[],"typeProperties":{"notebookPath":"/Formula1/trans/constructors_standings","baseParameters":{"p_file_date":{"value":"@formatDateTime(pipeline().parameters.p_window_end_date,'yyyy-MM-dd')","type":"Expression"}}},"linkedServiceName":{"referenceName":"[parameters('databricks_course')]","type":"LinkedServiceReference"}},{"name":"Trans_calculated_race_results","type":"DatabricksNotebook","dependsOn":[],"policy":{"timeout":"0.12:00:00","retry":0,"retryIntervalInSeconds":30,"secureOutput":false,"secureInput":false},"userProperties":[],"typeProperties":{"notebookPath":"/Formula1/trans/Calculated_Race_Results"},"linkedServiceName":{"referenceName":"[parameters('databricks_course')]","type":"LinkedServiceReference"}}]}}],"policy":{"elapsedTimeMetric":{}},"parameters":{"p_window_end_date":{"type":"string"}},"variables":{"v_data_source":{"type":"String","defaultValue":"Ergast API"}},"annotations":[],"lastPublishTime":"2025-02-22T08:05:57Z"},"dependsOn":["[concat(variables('factoryId'), '/datasets/databricks_course_dataset')]"]},{"name":"[concat(parameters('factoryName'), '/databricks_course_dataset')]","type":"Microsoft.DataFactory/factories/datasets","apiVersion":"2018-06-01","properties":{"linkedServiceName":{"referenceName":"[parameters('databricks_course_raw')]","type":"LinkedServiceReference"},"parameters":{"p_window_end_date":{"type":"string"}},"annotations":[],"type":"Json","typeProperties":{"location":{"type":"AzureBlobFSLocation","folderPath":{"value":"@formatDateTime(dataset().p_window_end_date,'yyyy-MM-dd')","type":"Expression"},"fileSystem":"raw"}},"schema":{"type":"object","properties":{"constructorId":{"type":"integer"},"constructorRef":{"type":"string"},"name":{"type":"string"},"nationality":{"type":"string"},"url":{"type":"string"}}}},"dependsOn":[]}]}