{
    "now": "2025-02-22T09:27:51.553Z",
    "perfNow": 1761518.5999999999,
    "diagnosticCorrelation": "2421d513-5c5d-4f85-95ad-27029dec6bc6",
    "source": "DownloadSupportFiles",
    "environment": {
        "productName": "adf",
        "buildVersion": "1.0.020725.5",
        "environmentType": 3,
        "resourceName": "databricks-course-adf1129",
        "resourceRegion": "uksouth",
        "resourceGroup": "databricksCouse-rg",
        "subscriptionId": "694f09b8-1615-4871-9dc4-e044fcec6f7a",
        "sessionId": "VaNQrCi5O+5cloZJix4kpa",
        "operationId": "",
        "gitType": "live",
        "loggingKey": "e4f763ba-f009-4c68-ba6f-0381728f18df"
    },
    "additionalInfo": {
        "selectedResource": "pl_trans_formula1_data",
        "selectedResourceType": "pipeline"
    }
}