{
    "name": "formula1_master_pipeline",
    "properties": {
        "activities": [
            {
                "name": "Ingest_Formula1_data",
                "type": "ExecutePipeline",
                "dependsOn": [],
                "policy": {
                    "secureInput": false
                },
                "userProperties": [],
                "typeProperties": {
                    "pipeline": {
                        "referenceName": "pl_ingest_formula1_data",
                        "type": "PipelineReference"
                    },
                    "waitOnCompletion": true,
                    "parameters": {
                        "p_window_end_date": {
                            "value": "@pipeline().parameters.p_window_end_date",
                            "type": "Expression"
                        }
                    }
                }
            },
            {
                "name": "Trans_Formula1_data",
                "type": "ExecutePipeline",
                "dependsOn": [
                    {
                        "activity": "Ingest_Formula1_data",
                        "dependencyConditions": [
                            "Succeeded"
                        ]
                    }
                ],
                "policy": {
                    "secureInput": false
                },
                "userProperties": [],
                "typeProperties": {
                    "pipeline": {
                        "referenceName": "pl_trans_formula1_data",
                        "type": "PipelineReference"
                    },
                    "waitOnCompletion": true,
                    "parameters": {
                        "p_window_end_date": {
                            "value": "@pipeline().parameters.p_window_end_date",
                            "type": "Expression"
                        }
                    }
                }
            }
        ],
        "concurrency": 1,
        "parameters": {
            "p_window_end_date": {
                "type": "string"
            }
        },
        "annotations": []
    }
}