{
    "now": "2025-02-22T09:27:35.739Z",
    "perfNow": 1745704.0999999999,
    "diagnosticCorrelation": "11f5c97a-61c8-42d5-b0a5-b556bbf3f9d7",
    "source": "DownloadSupportFiles",
    "environment": {
        "productName": "adf",
        "buildVersion": "1.0.020725.5",
        "environmentType": 3,
        "resourceName": "databricks-course-adf1129",
        "resourceRegion": "uksouth",
        "resourceGroup": "databricksCouse-rg",
        "subscriptionId": "694f09b8-1615-4871-9dc4-e044fcec6f7a",
        "sessionId": "VaNQrCi5O+5cloZJix4kpa",
        "operationId": "",
        "gitType": "live",
        "loggingKey": "e4f763ba-f009-4c68-ba6f-0381728f18df"
    },
    "additionalInfo": {
        "selectedResource": "formula1_master_pipeline",
        "selectedResourceType": "pipeline"
    }
}