{
    "name": "databricks_course",
    "type": "Microsoft.DataFactory/factories/linkedservices",
    "properties": {
        "annotations": [],
        "type": "AzureDatabricks",
        "typeProperties": {
            "domain": "https://adb-4381644150533160.0.azuredatabricks.net",
            "authentication": "MSI",
            "workspaceResourceId": "/subscriptions/694f09b8-1615-4871-9dc4-e044fcec6f7a/resourceGroups/databricksCouse-rg/providers/Microsoft.Databricks/workspaces/databricksCource-ws",
            "existingClusterId": "0110-095603-r0nm1il5"
        }
    }
}