{
    "now": "2025-02-22T09:27:44.632Z",
    "perfNow": 1754597.3,
    "diagnosticCorrelation": "d5e4a022-9ec8-447d-a8ad-e17ca101bab4",
    "source": "DownloadSupportFiles",
    "environment": {
        "productName": "adf",
        "buildVersion": "1.0.020725.5",
        "environmentType": 3,
        "resourceName": "databricks-course-adf1129",
        "resourceRegion": "uksouth",
        "resourceGroup": "databricksCouse-rg",
        "subscriptionId": "694f09b8-1615-4871-9dc4-e044fcec6f7a",
        "sessionId": "VaNQrCi5O+5cloZJix4kpa",
        "operationId": "",
        "gitType": "live",
        "loggingKey": "e4f763ba-f009-4c68-ba6f-0381728f18df"
    },
    "additionalInfo": {
        "selectedResource": "pl_ingest_formula1_data",
        "selectedResourceType": "pipeline"
    }
}